Workbook

Sheet Overview
A1: Customer Churn - Data Quality & Exploratory Analysis
A3: Goal | B3: Audit and clean a customer churn dataset, document quality decisions, and find early patterns.
A4: Source | B4: customer_churn_sample.csv (synthetic customer records supplied with the task).
A5: Size | B5: 15 customers, 11 columns.
A6: Result in one line | B6: The data passed every quality check, so no cells needed changing. Month-to-Month customers were the only ones who churned.
A7: Sheets | B7: Clean Data | Data Quality Log | Summary Stats | Churn Patterns | Data Dictionary
A8: Caution | B8: Only 15 rows, so the patterns are early hints, not proof.
A9: Colour legend | B9: Blue text = typed-in input/assumption. Black = formula.

Sheet Clean Data
A1: CustomerID | B1: Gender | C1: Age | D1: TenureMonths | E1: SubscriptionType | F1: MonthlyCharges | G1: TotalCharges | H1: ContractType | I1: SupportTickets | J1: PaymentMethod | K1: Churn
A2: CUST-1001 | B2: Female | C2: 34 | D2: 12 | E2: Basic | F2: 49.99 | G2: 599.88 | H2: Month-to-Month | I2: 3 | J2: Credit Card | K2: Yes
A3: CUST-1002 | B3: Male | C3: 45 | D3: 24 | E3: Pro | F3: 79.99 | G3: 1919.76 | H3: One Year | I3: 1 | J3: Bank Transfer | K3: No
A4: CUST-1003 | B4: Female | C4: 29 | D4: 6 | E4: Basic | F4: 49.99 | G4: 299.94 | H4: Month-to-Month | I4: 5 | J4: UPI | K4: Yes
A5: CUST-1004 | B5: Male | C5: 52 | D5: 36 | E5: Enterprise | F5: 149.99 | G5: 5399.64 | H5: Two Year | I5: 0 | J5: Credit Card | K5: No
A6: CUST-1005 | B6: Female | C6: 41 | D6: 8 | E6: Pro | F6: 79.99 | G6: 639.92 | H6: Month-to-Month | I6: 4 | J6: Debit Card | K6: Yes
A7: CUST-1006 | B7: Male | C7: 31 | D7: 18 | E7: Basic | F7: 49.99 | G7: 899.82 | H7: One Year | I7: 2 | J7: UPI | K7: No
A8: CUST-1007 | B8: Female | C8: 23 | D8: 3 | E8: Basic | F8: 49.99 | G8: 149.97 | H8: Month-to-Month | I8: 6 | J8: Credit Card | K8: Yes
A9: CUST-1008 | B9: Male | C9: 60 | D9: 48 | E9: Enterprise | F9: 149.99 | G9: 7199.52 | H9: Two Year | I9: 1 | J9: Bank Transfer | K9: No
A10: CUST-1009 | B10: Female | C10: 38 | D10: 15 | E10: Pro | F10: 79.99 | G10: 1199.85 | H10: One Year | I10: 2 | J10: Credit Card | K10: No
A11: CUST-1010 | B11: Male | C11: 27 | D11: 4 | E11: Basic | F11: 49.99 | G11: 199.96 | H11: Month-to-Month | I11: 4 | J11: UPI | K11: Yes
A12: CUST-1011 | B12: Female | C12: 49 | D12: 30 | E12: Enterprise | F12: 149.99 | G12: 4499.7 | H12: Two Year | I12: 0 | J12: Credit Card | K12: No
A13: CUST-1012 | B13: Male | C13: 33 | D13: 14 | E13: Pro | F13: 79.99 | G13: 1119.86 | H13: Month-to-Month | I13: 3 | J13: Debit Card | K13: Yes
... A16: CUST-1015 | B16: Female | C16: 43 | D16: 40 | E16: Enterprise | F16: 149.99 | G16: 5999.6 | H16: Two Year | I16: 1 | J16: Credit Card | K16: No

Sheet Data Quality Log
A1: Data Quality Log
A3: Check | B3: Result | C3: Expected | D3: Status | E3: Decision / assumption
A4: Row count | B4: =COUNTA('Clean Data'!$A$2:$A$16) -> 15 | C4: 15 | D4: =IF(B4=C4,"PASS","REVIEW") -> PASS | E4: Keep all rows.
A5: Column count | B5: =COUNTA('Clean Data'!$A$1:$K$1) -> 11 | C5: 11 | D5: =IF(B5=C5,"PASS","REVIEW") -> PASS | E5: No columns dropped.
A6: Missing cells (all columns) | B6: =COUNTBLANK('Clean Data'!$A$2:$K$16) -> 0 | C6: 0 | D6: =IF(B6=C6,"PASS","REVIEW") -> PASS | E6: No imputation needed.
A7: Duplicate CustomerIDs | B7: =SUMPRODUCT((COUNTIF('Clean Data'!$A$2:$A$16,'Clean Data'!$A$2:$A$16)>1)*1) -> 0 | C7: 0 | D7: =IF(B7=C7,"PASS","REVIEW") -> PASS | E7: No rows removed.
A8: Ages outside 18-100 | B8: =COUNTIF('Clean Data'!$C$2:$C$16,"<18")+COUNTIF('Clean Data'!$C$2:$C$16,">100") -> 0 | C8: 0 | D8: =IF(B8=C8,"PASS","REVIEW") -> PASS | E8: Assumed customers are adults; range 18-100 treated as plausible.
A9: Negative tenure or charges | B9: =COUNTIF('Clean Data'!$D$2:$D$16,"<0")+COUNTIF('Clean Data'!$F$2:$F$16,"<0")+COUNTIF('Clean Data'!$G$2:$G$16,"<0") -> 0 | C9: 0 | D9: =IF(B9=C9,"PASS","REVIEW") -> PASS | E9: Negative money or months would be impossible.
A10: Negative support tickets | B10: =COUNTIF('Clean Data'!$I$2:$I$16,"<0") -> 0 | C10: 0 | D10: =IF(B10=C10,"PASS","REVIEW") -> PASS | E10: A ticket count cannot be negative.
A11: TotalCharges <> Tenure x MonthlyCharges (>0.01) | B11: =SUMPRODUCT((ABS('Clean Data'!$D$2:$D$16*'Clean Data'!$F$2:$F$16-'Clean Data'!$G$2:$G$16)>0.01)*1) -> 0 | C11: 0 | D11: =IF(B11=C11,"PASS","REVIEW") -> PASS | E11: Assumed TotalCharges should equal tenure x monthly price. All rows match.
A12: Churn values other than Yes/No | B12: =15-COUNTIF('Clean Data'!$K$2:$K$16,"Yes")-COUNTIF('Clean Data'!$K$2:$K$16,"No") -> 0 | C12: 0 | D12: =IF(B12=C12,"PASS","REVIEW") -> PASS | E12: Target column is clean.
A13: Gender values other than Male/Female | B13: =15-COUNTIF('Clean Data'!$B$2:$B$16,"Male")-COUNTIF('Clean Data'!$B$2:$B$16,"Female") -> 0 | C13: 0 | D13: =IF(B13=C13,"PASS","REVIEW") -> PASS | E13: No spelling variants.
A14: Plan price not unique per SubscriptionType | B14: =SUMPRODUCT(((COUNTIFS('Clean Data'!$E$2:$E$16,'Clean Data'!$E$2:$E$16,'Clean Data'!$F$2:$F$16,"<>"&'Clean Data'!$F$2:$F$16))>0)*1) -> 0 | C14: 0 | D14: =IF(B14=C14,"PASS","REVIEW") -> PASS | E14: Each plan has one price (Basic 49.99, Pro 79.99, Enterprise 149.99).
A16: Overall | B16: =IF(COUNTIF(D4:D14,"PASS")=ROWS(D4:D14),"All checks passed","Some checks need review") -> All checks passed
A18: Cleaning actions taken
A19: None required. The cleaned CSV is identical to the raw CSV. Documenting that the checks were run and passed is the result.
A20: Outliers: Age, TenureMonths, MonthlyCharges and SupportTickets were reviewed (see Summary Stats); no extreme values were found.

Sheet Summary Stats
A1: Summary Statistics (numeric columns)
A3: Column | B3: Count | C3: Mean | D3: Median | E3: Min | F3: Max | G3: Std Dev
A4: Age | B4: =COUNT('Clean Data'!$C$2:$C$16) -> 15 | C4: =AVERAGE('Clean Data'!$C$2:$C$16) -> 39.066667 | D4: =MEDIAN('Clean Data'!$C$2:$C$16) -> 38 | E4: =MIN('Clean Data'!$C$2:$C$16) -> 23 | F4: =MAX('Clean Data'!$C$2:$C$16) -> 60 | G4: =STDEV('Clean Data'!$C$2:$C$16) -> 11.392144
A5: TenureMonths | B5: =COUNT('Clean Data'!$D$2:$D$16) -> 15 | C5: =AVERAGE('Clean Data'!$D$2:$D$16) -> 18.8 | D5: =MEDIAN('Clean Data'!$D$2:$D$16) -> 15 | E5: =MIN('Clean Data'!$D$2:$D$16) -> 2 | F5: =MAX('Clean Data'!$D$2:$D$16) -> 48 | G5: =STDEV('Clean Data'!$D$2:$D$16) -> 14.333776
A6: MonthlyCharges | B6: =COUNT('Clean Data'!$F$2:$F$16) -> 15 | C6: =AVERAGE('Clean Data'!$F$2:$F$16) -> 84.656667 | D6: =MEDIAN('Clean Data'!$F$2:$F$16) -> 79.99 | E6: =MIN('Clean Data'!$F$2:$F$16) -> 49.99 | F6: =MAX('Clean Data'!$F$2:$F$16) -> 149.99 | G6: =STDEV('Clean Data'!$F$2:$F$16) -> 42.739521
A7: TotalCharges | B7: =COUNT('Clean Data'!$G$2:$G$16) -> 15 | C7: =AVERAGE('Clean Data'!$G$2:$G$16) -> 2088.4787 | D7: =MEDIAN('Clean Data'!$G$2:$G$16) -> 1099.78 | E7: =MIN('Clean Data'!$G$2:$G$16) -> 99.98 | F7: =MAX('Clean Data'!$G$2:$G$16) -> 7199.52 | G7: =STDEV('Clean Data'!$G$2:$G$16) -> 2407.3658
A8: SupportTickets | B8: =COUNT('Clean Data'!$I$2:$I$16) -> 15 | C8: =AVERAGE('Clean Data'!$I$2:$I$16) -> 2.5333333 | D8: =MEDIAN('Clean Data'!$I$2:$I$16) -> 2 | E8: =MIN('Clean Data'!$I$2:$I$16) -> 0 | F8: =MAX('Clean Data'!$I$2:$I$16) -> 6 | G8: =STDEV('Clean Data'!$I$2:$I$16) -> 1.9223002
A11: Age distribution (bands)
A12: Age band | B12: Customers | C12: Churned | D12: Churn rate
A13: 18-29 | B13: =COUNTIFS('Clean Data'!$C$2:$C$16,">=18",'Clean Data'!$C$2:$C$16,"<=29") -> 4 | C13: =COUNTIFS('Clean Data'!$C$2:$C$16,">=18",'Clean Data'!$C$2:$C$16,"<=29",'Clean Data'!$K$2:$K$16,"Yes") -> 4 | D13: =IF(B13=0,0,C13/B13) -> 1
A14: 30-39 | B14: =COUNTIFS('Clean Data'!$C$2:$C$16,">=30",'Clean Data'!$C$2:$C$16,"<=39") -> 4 | C14: =COUNTIFS('Clean Data'!$C$2:$C$16,">=30",'Clean Data'!$C$2:$C$16,"<=39",'Clean Data'!$K$2:$K$16,"Yes") -> 2 | D14: =IF(B14=0,0,C14/B14) -> 0.5
A15: 40-49 | B15: =COUNTIFS('Clean Data'!$C$2:$C$16,">=40",'Clean Data'!$C$2:$C$16,"<=49") -> 4 | C15: =COUNTIFS('Clean Data'!$C$2:$C$16,">=40",'Clean Data'!$C$2:$C$16,"<=49",'Clean Data'!$K$2:$K$16,"Yes") -> 1 | D15: =IF(B15=0,0,C15/B15) -> 0.25
A16: 50+ | B16: =COUNTIFS('Clean Data'!$C$2:$C$16,">=50",'Clean Data'!$C$2:$C$16,"<=200") -> 3 | C16: =COUNTIFS('Clean Data'!$C$2:$C$16,">=50",'Clean Data'!$C$2:$C$16,"<=200",'Clean Data'!$K$2:$K$16,"Yes") -> 0 | D16: =IF(B16=0,0,C16/B16) -> 0
A18: Tenure distribution (bands)
A19: Tenure band (months) | B19: Customers | C19: Churned | D19: Churn rate
A20: 0-12 | B20: =COUNTIFS('Clean Data'!$D$2:$D$16,">=0",'Clean Data'!$D$2:$D$16,"<=12") -> 6 | C20: =COUNTIFS('Clean Data'!$D$2:$D$16,">=0",'Clean Data'!$D$2:$D$16,"<=12",'Clean Data'!$K$2:$K$16,"Yes") -> 6 | D20: =IF(B20=0,0,C20/B20) -> 1
A21: 13-24 | B21: =COUNTIFS('Clean Data'!$D$2:$D$16,">=13",'Clean Data'!$D$2:$D$16,"<=24") -> 5 | C21: =COUNTIFS('Clean Data'!$D$2:$D$16,">=13",'Clean Data'!$D$2:$D$16,"<=24",'Clean Data'!$K$2:$K$16,"Yes") -> 1 | D21: =IF(B21=0,0,C21/B21) -> 0.2
A22: 25-36 | B22: =COUNTIFS('Clean Data'!$D$2:$D$16,">=25",'Clean Data'!$D$2:$D$16,"<=36") -> 2 | C22: =COUNTIFS('Clean Data'!$D$2:$D$16,">=25",'Clean Data'!$D$2:$D$16,"<=36",'Clean Data'!$K$2:$K$16,"Yes") -> 0 | D22: =IF(B22=0,0,C22/B22) -> 0
A23: 37+ | B23: =COUNTIFS('Clean Data'!$D$2:$D$16,">=37",'Clean Data'!$D$2:$D$16,"<=200") -> 2 | C23: =COUNTIFS('Clean Data'!$D$2:$D$16,">=37",'Clean Data'!$D$2:$D$16,"<=200",'Clean Data'!$K$2:$K$16,"Yes") -> 0 | D23: =IF(B23=0,0,C23/B23) -> 0

Sheet Churn Patterns
A1: Churn Patterns
A3: Overall churn rate | B3: =COUNTIF('Clean Data'!$K$2:$K$16,"Yes")/COUNTA('Clean Data'!$K$2:$K$16) -> 0.46666667
A5: Contract type | B5: Customers | C5: Churned | D5: Churn rate
A6: Month-to-Month | B6: =COUNTIF('Clean Data'!$H$2:$H$16,A6) -> 7 | C6: =COUNTIFS('Clean Data'!$H$2:$H$16,A6,'Clean Data'!$K$2:$K$16,"Yes") -> 7 | D6: =IF(B6=0,0,C6/B6) -> 1
A7: One Year | B7: =COUNTIF('Clean Data'!$H$2:$H$16,A7) -> 4 | C7: =COUNTIFS('Clean Data'!$H$2:$H$16,A7,'Clean Data'!$K$2:$K$16,"Yes") -> 0 | D7: =IF(B7=0,0,C7/B7) -> 0
A8: Two Year | B8: =COUNTIF('Clean Data'!$H$2:$H$16,A8) -> 4 | C8: =COUNTIFS('Clean Data'!$H$2:$H$16,A8,'Clean Data'!$K$2:$K$16,"Yes") -> 0 | D8: =IF(B8=0,0,C8/B8) -> 0
A11: Subscription type | B11: Customers | C11: Churned | D11: Churn rate
A12: Basic | B12: =COUNTIF('Clean Data'!$E$2:$E$16,A12) -> 7 | C12: =COUNTIFS('Clean Data'!$E$2:$E$16,A12,'Clean Data'!$K$2:$K$16,"Yes") -> 5 | D12: =IF(B12=0,0,C12/B12) -> 0.71428571
A13: Pro | B13: =COUNTIF('Clean Data'!$E$2:$E$16,A13) -> 4 | C13: =COUNTIFS('Clean Data'!$E$2:$E$16,A13,'Clean Data'!$K$2:$K$16,"Yes") -> 2 | D13: =IF(B13=0,0,C13/B13) -> 0.5
A14: Enterprise | B14: =COUNTIF('Clean Data'!$E$2:$E$16,A14) -> 4 | C14: =COUNTIFS('Clean Data'!$E$2:$E$16,A14,'Clean Data'!$K$2:$K$16,"Yes") -> 0 | D14: =IF(B14=0,0,C14/B14) -> 0
A17: Payment method | B17: Customers | C17: Churned | D17: Churn rate
A18: Credit Card | B18: =COUNTIF('Clean Data'!$J$2:$J$16,A18) -> 6 | C18: =COUNTIFS('Clean Data'!$J$2:$J$16,A18,'Clean Data'!$K$2:$K$16,"Yes") -> 2 | D18: =IF(B18=0,0,C18/B18) -> 0.33333333
A19: Debit Card | B19: =COUNTIF('Clean Data'!$J$2:$J$16,A19) -> 2 | C19: =COUNTIFS('Clean Data'!$J$2:$J$16,A19,'Clean Data'!$K$2:$K$16,"Yes") -> 2 | D19: =IF(B19=0,0,C19/B19) -> 1
A20: UPI | B20: =COUNTIF('Clean Data'!$J$2:$J$16,A20) -> 4 | C20: =COUNTIFS('Clean Data'!$J$2:$J$16,A20,'Clean Data'!$K$2:$K$16,"Yes") -> 3 | D20: =IF(B20=0,0,C20/B20) -> 0.75
A21: Bank Transfer | B21: =COUNTIF('Clean Data'!$J$2:$J$16,A21) -> 3 | C21: =COUNTIFS('Clean Data'!$J$2:$J$16,A21,'Clean Data'!$K$2:$K$16,"Yes") -> 0 | D21: =IF(B21=0,0,C21/B21) -> 0
A24: Group averages | B24: Age | C24: Tenure (months) | D24: Support tickets | E24: Monthly charges
A25: Churned (Yes) | B25: =AVERAGEIF('Clean Data'!$K$2:$K$16,"Yes",'Clean Data'!$C$2:$C$16) -> 30.428571 | C25: =AVERAGEIF('Clean Data'!$K$2:$K$16,"Yes",'Clean Data'!$D$2:$D$16) -> 7 | D25: =AVERAGEIF('Clean Data'!$K$2:$K$16,"Yes",'Clean Data'!$I$2:$I$16) -> 4.2857143 | E25: =AVERAGEIF('Clean Data'!$K$2:$K$16,"Yes",'Clean Data'!$F$2:$F$16) -> 58.561429
A26: Stayed (No) | B26: =AVERAGEIF('Clean Data'!$K$2:$K$16,"No",'Clean Data'!$C$2:$C$16) -> 46.625 | C26: =AVERAGEIF('Clean Data'!$K$2:$K$16,"No",'Clean Data'!$D$2:$D$16) -> 29.125 | D26: =AVERAGEIF('Clean Data'!$K$2:$K$16,"No",'Clean Data'!$I$2:$I$16) -> 1 | E26: =AVERAGEIF('Clean Data'!$K$2:$K$16,"No",'Clean Data'!$F$2:$F$16) -> 107.49
A28: Key findings
A29: 1. Every Month-to-Month customer churned; no One Year or Two Year customer did.
A30: 2. Churned customers were younger, had much shorter tenure, and raised more support tickets.
A31: 3. Caution: with only 15 rows these are early hints, not proof. Confirm on a larger dataset.

Sheet Data Dictionary
A1: Data Dictionary
A3: Column | B3: Type | C3: Meaning | D3: Allowed / observed values
A4: CustomerID | B4: Text | C4: Unique ID for each customer | D4: CUST-1001 to CUST-1015
A5: Gender | B5: Text | C5: Customer gender | D5: Male, Female
A6: Age | B6: Whole number | C6: Customer age in years | D6: 23 to 60
A7: TenureMonths | B7: Whole number | C7: How many months the customer has been subscribed | D7: 2 to 48
A8: SubscriptionType | B8: Text | C8: Plan the customer pays for | D8: Basic, Pro, Enterprise
A9: MonthlyCharges | B9: Decimal | C9: Price paid per month | D9: 49.99, 79.99, 149.99
A10: TotalCharges | B10: Decimal | C10: Total paid so far (TenureMonths x MonthlyCharges) | D10: 99.98 to 7199.52
A11: ContractType | B11: Text | C11: Length of the contract | D11: Month-to-Month, One Year, Two Year
A12: SupportTickets | B12: Whole number | C12: Number of support requests raised | D12: 0 to 6
A13: PaymentMethod | B13: Text | C13: How the customer pays | D13: Credit Card, Debit Card, UPI, Bank Transfer
A14: Churn | B14: Text | C14: Did the customer leave? (target to understand) | D14: Yes, No
